<?xml version="1.0" encoding="UTF-8"?>
<scenario xmlns="http://www.omnigroup.com/namespace/OmniPlan/v2" xmlns:opns="http://www.omnigroup.com/namespace/OmniPlan/v2" id="l4EMuxztoyx">
  <start-date>2020-10-12T01:00:00.000Z</start-date>
  <prototype-task>
    <task id="t-2">
      <title>Task 1</title>
      <effort>28800</effort>
    </task>
  </prototype-task>
  <prototype-task>
    <task id="t-3">
      <title>Milestone 1</title>
      <type>milestone</type>
    </task>
  </prototype-task>
  <prototype-task>
    <task id="t-4">
      <title>Group 1</title>
      <type>group</type>
    </task>
  </prototype-task>
  <prototype-resource>
    <resource id="r-2">
      <name>Resource 1</name>
      <type>Staff</type>
    </resource>
  </prototype-resource>
  <prototype-resource>
    <resource id="r-3">
      <name>Equipment 1</name>
      <type>Equipment</type>
    </resource>
  </prototype-resource>
  <prototype-resource>
    <resource id="r-4">
      <name>Material 1</name>
      <type>Material</type>
      <units-available>0</units-available>
      <efficiency>0</efficiency>
    </resource>
  </prototype-resource>
  <prototype-resource>
    <resource id="r-5">
      <name>Group 1</name>
      <type>Group</type>
    </resource>
  </prototype-resource>
  <top-resource idref="r-1"/>
  <resource id="r-1">
    <name/>
    <type>Group</type>
    <child-resource idref="r1"/>
  </resource>
  <resource id="r1">
    <name>Resource 1</name>
    <type>Staff</type>
  </resource>
  <top-task idref="t-1"/>
  <task id="t-1">
    <type>group</type>
    <child-task idref="t206"/>
  </task>
  <task id="t1">
    <title>메시지 시스템 설계 및 구축</title>
    <type>group</type>
    <child-task idref="t17"/>
    <child-task idref="t18"/>
    <child-task idref="t35"/>
    <child-task idref="t224"/>
    <style>
      <value key="font-weight">9</value>
    </style>
  </task>
  <task id="t17">
    <title>메신저 USE 케이스 작성</title>
    <type>group</type>
    <child-task idref="t190"/>
    <child-task idref="t191"/>
    <child-task idref="t192"/>
    <child-task idref="t193"/>
    <style>
      <value key="gantt-fill-color">
        <color space="srgb" r="1" g="0.728788" b="0.301"/>
      </value>
    </style>
  </task>
  <task id="t18">
    <title>메시지 프로토타입 구현</title>
    <type>group</type>
    <child-task idref="t251"/>
    <child-task idref="t252"/>
    <child-task idref="t19"/>
    <child-task idref="t20"/>
    <child-task idref="t21"/>
    <child-task idref="t22"/>
    <child-task idref="t23"/>
    <child-task idref="t24"/>
    <style>
      <value key="gantt-fill-color">
        <color space="srgb" r="1" g="0.728788" b="0.301"/>
      </value>
    </style>
  </task>
  <task id="t19">
    <title>1. Sendbird 기반 프로토타입 개발</title>
    <effort>460800</effort>
    <start-constraint-date>2020-10-18T23:00:00.000Z</start-constraint-date>
    <style>
      <value key="gantt-fill-color">
        <color space="srgb" r="1" g="0.728788" b="0.301"/>
      </value>
    </style>
    <start-no-earlier-than>2020-10-18T23:00:00.000Z</start-no-earlier-than>
  </task>
  <task id="t20">
    <title>2. Stream Chat 기반 프로토타입 개발</title>
    <effort>259200</effort>
    <start-constraint-date>2020-11-10T23:00:00.000Z</start-constraint-date>
    <style>
      <value key="gantt-fill-color">
        <color space="srgb" r="1" g="0.728788" b="0.301"/>
      </value>
    </style>
    <start-no-earlier-than>2020-11-10T23:00:00.000Z</start-no-earlier-than>
  </task>
  <task id="t21">
    <title>3. Applozic 기반 프로토타입 개발</title>
    <effort>316800</effort>
    <start-constraint-date>2020-11-10T23:00:00.000Z</start-constraint-date>
    <style>
      <value key="gantt-fill-color">
        <color space="srgb" r="1" g="0.728788" b="0.301"/>
      </value>
    </style>
    <start-no-earlier-than>2020-11-10T23:00:00.000Z</start-no-earlier-than>
  </task>
  <task id="t22">
    <title>4. Come Chat 기반 프로토타입 개발</title>
    <effort>316800</effort>
    <start-constraint-date>2020-11-25T23:00:00.000Z</start-constraint-date>
    <style>
      <value key="gantt-fill-color">
        <color space="srgb" r="1" g="0.728788" b="0.301"/>
      </value>
    </style>
    <start-no-earlier-than>2020-11-25T23:00:00.000Z</start-no-earlier-than>
  </task>
  <task id="t23">
    <title>5. Qiscus 기반 프로토타입 개발</title>
    <effort>259200</effort>
    <start-constraint-date>2020-11-23T23:00:00.000Z</start-constraint-date>
    <style>
      <value key="gantt-fill-color">
        <color space="srgb" r="1" g="0.728788" b="0.301"/>
      </value>
    </style>
    <start-no-earlier-than>2020-11-23T23:00:00.000Z</start-no-earlier-than>
  </task>
  <task id="t24">
    <title>6. FireStore 기반 프로토타입 개발</title>
    <effort>806400</effort>
    <start-constraint-date>2020-12-06T23:00:00.000Z</start-constraint-date>
    <style>
      <value key="gantt-fill-color">
        <color space="srgb" r="1" g="0.728788" b="0.301"/>
      </value>
    </style>
    <start-no-earlier-than>2020-12-06T23:00:00.000Z</start-no-earlier-than>
  </task>
  <task id="t26">
    <title>강의/콘텐츠 연계 서비스</title>
    <effort>144000</effort>
    <start-constraint-date>2020-11-29T23:00:00.000Z</start-constraint-date>
    <note>
      <text>
        <p>
          <run>
            <lit>강의/콘텐츠 연계 부분은 부동산 재테크, 외제차 딜러같은 흥미로운 요소들로 구성하고 하나의 커뮤니티로 발전시키는 것을 기대한다.</lit>
          </run>
        </p>
      </text>
    </note>
    <style>
      <value key="gantt-fill-color">
        <color space="srgb" r="1" g="0.728788" b="0.301"/>
      </value>
    </style>
    <start-no-earlier-than>2020-11-29T23:00:00.000Z</start-no-earlier-than>
  </task>
  <task id="t35">
    <title>메시지 서비스 최종 스펙 정리</title>
    <effort>288000</effort>
    <start-constraint-date>2021-01-14T23:00:00.000Z</start-constraint-date>
    <start-no-earlier-than>2021-01-14T23:00:00.000Z</start-no-earlier-than>
  </task>
  <task id="t39">
    <title>교육 서비스 개념 정의</title>
    <type>group</type>
    <child-task idref="t41"/>
    <child-task idref="t42"/>
    <child-task idref="t43"/>
    <child-task idref="t26"/>
  </task>
  <task id="t40">
    <title>비교육 서비스</title>
    <type>group</type>
    <child-task idref="t168"/>
    <child-task idref="t169"/>
    <child-task idref="t170"/>
    <child-task idref="t171"/>
    <note>
      <text>
        <p>
          <run>
            <lit>기타 서비스는 자체 구축이 아닌 외부 서비스 연동을 위한 것으로 최대한 통합화를 할 수 있는 API 환경을 제공하는데 목적이 있다.</lit>
          </run>
        </p>
      </text>
    </note>
    <style>
      <value key="font-weight">9</value>
      <value key="gantt-fill-color">
        <color space="srgb" r="0.450688" g="0.831875" b="0.896"/>
      </value>
    </style>
  </task>
  <task id="t41">
    <title>어학 서비스</title>
    <effort>144000</effort>
    <start-constraint-date>2020-11-15T23:00:00.000Z</start-constraint-date>
    <style>
      <value key="gantt-fill-color">
        <color space="srgb" r="1" g="0.728788" b="0.301"/>
      </value>
    </style>
    <start-no-earlier-than>2020-11-15T23:00:00.000Z</start-no-earlier-than>
  </task>
  <task id="t42">
    <title>코딩 교육 서비스</title>
    <effort>144000</effort>
    <start-constraint-date>2020-11-22T23:00:00.000Z</start-constraint-date>
    <style>
      <value key="gantt-fill-color">
        <color space="srgb" r="1" g="0.728788" b="0.301"/>
      </value>
    </style>
    <start-no-earlier-than>2020-11-22T23:00:00.000Z</start-no-earlier-than>
  </task>
  <task id="t43">
    <title>사회화 교육 서비스</title>
    <effort>144000</effort>
    <start-constraint-date>2020-11-29T23:00:00.000Z</start-constraint-date>
    <style>
      <value key="gantt-fill-color">
        <color space="srgb" r="1" g="0.728788" b="0.301"/>
      </value>
    </style>
    <start-no-earlier-than>2020-11-29T23:00:00.000Z</start-no-earlier-than>
  </task>
  <task id="t44">
    <title>서비스 정의</title>
    <type>group</type>
    <child-task idref="t230"/>
    <child-task idref="t127"/>
    <child-task idref="t40"/>
    <style>
      <value key="font-weight">9</value>
    </style>
  </task>
  <task id="t66">
    <title>시스템 연동을 위한 API 시스템 설계 및 구축</title>
    <effort>2880000</effort>
    <start-constraint-date>2021-07-27T23:00:00.000Z</start-constraint-date>
    <style>
      <value key="gantt-fill-color">
        <color space="srgb" r="0.987" g="0.25662" b="0.287296"/>
      </value>
    </style>
    <start-no-earlier-than>2021-07-27T23:00:00.000Z</start-no-earlier-than>
  </task>
  <task id="t67">
    <title>고객지원 시스템 설계 및 구축</title>
    <effort>2304000</effort>
    <start-constraint-date>2021-09-09T23:00:00.000Z</start-constraint-date>
    <style>
      <value key="gantt-fill-color">
        <color space="srgb" r="0.987" g="0.25662" b="0.287296"/>
      </value>
    </style>
    <start-no-earlier-than>2021-09-09T23:00:00.000Z</start-no-earlier-than>
  </task>
  <task id="t95">
    <title>서비스 인프라 정의 및 구축</title>
    <type>group</type>
    <child-task idref="t96"/>
    <child-task idref="t97"/>
    <child-task idref="t160"/>
    <child-task idref="t207"/>
    <child-task idref="t208"/>
    <child-task idref="t210"/>
    <style>
      <value key="font-weight">9</value>
    </style>
  </task>
  <task id="t96">
    <title>인프라 설계</title>
    <effort>576000</effort>
    <start-constraint-date>2021-01-18T23:00:00.000Z</start-constraint-date>
    <prerequisite-task idref="t164"/>
    <start-no-earlier-than>2021-01-18T23:00:00.000Z</start-no-earlier-than>
  </task>
  <task id="t97">
    <title>기초 인프라 구축</title>
    <effort>1440000</effort>
    <start-constraint-date>2021-03-02T01:00:00.000Z</start-constraint-date>
    <prerequisite-task idref="t96"/>
    <prerequisite-task idref="t172"/>
    <start-no-earlier-than>2021-03-02T01:00:00.000Z</start-no-earlier-than>
  </task>
  <task id="t109">
    <title>어학 서비스 1차 기획</title>
    <effort>288000</effort>
    <start-constraint-date>2020-12-06T23:00:00.000Z</start-constraint-date>
    <style>
      <value key="gantt-fill-color">
        <color space="srgb" r="1" g="0.728788" b="0.301"/>
      </value>
    </style>
    <start-no-earlier-than>2020-12-06T23:00:00.000Z</start-no-earlier-than>
  </task>
  <task id="t110">
    <title>교육 서비스 1차 기획</title>
    <type>group</type>
    <child-task idref="t109"/>
    <child-task idref="t111"/>
    <child-task idref="t112"/>
    <child-task idref="t113"/>
    <prerequisite-task idref="t39" kind="SS"/>
  </task>
  <task id="t111">
    <title>코딩 교육 서비스 1차 기획</title>
    <effort>288000</effort>
    <start-constraint-date>2020-12-20T23:00:00.000Z</start-constraint-date>
    <style>
      <value key="gantt-fill-color">
        <color space="srgb" r="1" g="0.728788" b="0.301"/>
      </value>
    </style>
    <start-no-earlier-than>2020-12-20T23:00:00.000Z</start-no-earlier-than>
  </task>
  <task id="t112">
    <title>사회화 교육 서비스 1차 기획</title>
    <effort>288000</effort>
    <start-constraint-date>2021-01-03T23:00:00.000Z</start-constraint-date>
    <style>
      <value key="gantt-fill-color">
        <color space="srgb" r="1" g="0.728788" b="0.301"/>
      </value>
    </style>
    <start-no-earlier-than>2021-01-03T23:00:00.000Z</start-no-earlier-than>
  </task>
  <task id="t113">
    <title>강의/콘텐츠 연계 서비스 1차 기획</title>
    <effort>288000</effort>
    <start-constraint-date>2021-01-03T23:00:00.000Z</start-constraint-date>
    <style>
      <value key="gantt-fill-color">
        <color space="srgb" r="1" g="0.728788" b="0.301"/>
      </value>
    </style>
    <start-no-earlier-than>2021-01-03T23:00:00.000Z</start-no-earlier-than>
  </task>
  <task id="t127">
    <title>교육 서비스</title>
    <type>group</type>
    <child-task idref="t39"/>
    <child-task idref="t110"/>
    <child-task idref="t144"/>
    <child-task idref="t130"/>
    <style>
      <value key="font-weight">9</value>
      <value key="gantt-fill-color">
        <color space="srgb" r="0.450688" g="0.831875" b="0.896"/>
      </value>
    </style>
  </task>
  <task id="t130">
    <title>교육 서비스 스펙 정리</title>
    <type>group</type>
    <child-task idref="t131"/>
    <child-task idref="t132"/>
    <child-task idref="t133"/>
    <child-task idref="t134"/>
    <prerequisite-task idref="t144"/>
  </task>
  <task id="t131">
    <title>어학 서비스 스펙 정리</title>
    <effort>432000</effort>
    <start-constraint-date>2021-02-26T07:00:00.000Z</start-constraint-date>
    <style>
      <value key="gantt-fill-color">
        <color space="srgb" r="1" g="0.728788" b="0.301"/>
      </value>
    </style>
    <start-no-earlier-than>2021-02-26T07:00:00.000Z</start-no-earlier-than>
  </task>
  <task id="t132">
    <title>코딩 교육 서비스 스펙 정리</title>
    <effort>432000</effort>
    <start-constraint-date>2021-03-21T23:00:00.000Z</start-constraint-date>
    <style>
      <value key="gantt-fill-color">
        <color space="srgb" r="1" g="0.728788" b="0.301"/>
      </value>
    </style>
    <start-no-earlier-than>2021-03-21T23:00:00.000Z</start-no-earlier-than>
  </task>
  <task id="t133">
    <title>사회화 교육 서비스 스펙 정리</title>
    <effort>432000</effort>
    <start-constraint-date>2021-04-11T23:00:00.000Z</start-constraint-date>
    <style>
      <value key="gantt-fill-color">
        <color space="srgb" r="1" g="0.728788" b="0.301"/>
      </value>
    </style>
    <start-no-earlier-than>2021-04-11T23:00:00.000Z</start-no-earlier-than>
  </task>
  <task id="t134">
    <title>강의/콘텐츠 연계 서비스 스펙 정리</title>
    <effort>432000</effort>
    <start-constraint-date>2021-04-11T23:00:00.000Z</start-constraint-date>
    <style>
      <value key="gantt-fill-color">
        <color space="srgb" r="1" g="0.728788" b="0.301"/>
      </value>
    </style>
    <start-no-earlier-than>2021-04-11T23:00:00.000Z</start-no-earlier-than>
  </task>
  <task id="t140">
    <title>어학 서비스 2차 기획</title>
    <effort>288000</effort>
    <start-constraint-date>2021-01-17T23:00:00.000Z</start-constraint-date>
    <style>
      <value key="gantt-fill-color">
        <color space="srgb" r="1" g="0.728788" b="0.301"/>
      </value>
    </style>
    <start-no-earlier-than>2021-01-17T23:00:00.000Z</start-no-earlier-than>
  </task>
  <task id="t144">
    <title>교육 서비스 2차 기획</title>
    <type>group</type>
    <child-task idref="t140"/>
    <child-task idref="t145"/>
    <child-task idref="t146"/>
    <child-task idref="t147"/>
    <prerequisite-task idref="t110"/>
  </task>
  <task id="t145">
    <title>코딩 교육 서비스 2차 기획</title>
    <effort>288000</effort>
    <start-constraint-date>2021-01-31T23:00:00.000Z</start-constraint-date>
    <style>
      <value key="gantt-fill-color">
        <color space="srgb" r="1" g="0.728788" b="0.301"/>
      </value>
    </style>
    <start-no-earlier-than>2021-01-31T23:00:00.000Z</start-no-earlier-than>
  </task>
  <task id="t146">
    <title>사회화 교육 서비스 2차 기획</title>
    <effort>288000</effort>
    <start-constraint-date>2021-02-14T23:00:00.000Z</start-constraint-date>
    <style>
      <value key="gantt-fill-color">
        <color space="srgb" r="1" g="0.728788" b="0.301"/>
      </value>
    </style>
    <start-no-earlier-than>2021-02-14T23:00:00.000Z</start-no-earlier-than>
  </task>
  <task id="t147">
    <title>강의/콘텐츠 교육 서비스 2차 기획</title>
    <effort>288000</effort>
    <start-constraint-date>2021-02-14T23:00:00.000Z</start-constraint-date>
    <style>
      <value key="gantt-fill-color">
        <color space="srgb" r="1" g="0.728788" b="0.301"/>
      </value>
    </style>
    <start-no-earlier-than>2021-02-14T23:00:00.000Z</start-no-earlier-than>
  </task>
  <task id="t160">
    <title>서비스 인프라 구축</title>
    <effort>1440000</effort>
    <start-constraint-date>2021-05-10T23:00:00.000Z</start-constraint-date>
    <prerequisite-task idref="t97"/>
    <start-no-earlier-than>2021-05-10T23:00:00.000Z</start-no-earlier-than>
  </task>
  <task id="t163">
    <title>채용 프로세스</title>
    <type>group</type>
    <child-task idref="t164"/>
    <child-task idref="t172"/>
    <child-task idref="t165"/>
    <child-task idref="t173"/>
    <child-task idref="t166"/>
    <child-task idref="t247"/>
    <child-task idref="t167"/>
    <style>
      <value key="font-weight">9</value>
      <value key="gantt-fill-color">
        <color space="srgb" r="1" g="0.728788" b="0.301"/>
      </value>
    </style>
  </task>
  <task id="t164">
    <title>백엔드 개발자 1차 채용</title>
    <effort>1728000</effort>
    <start-constraint-date>2020-10-13T07:00:00.000Z</start-constraint-date>
    <note>
      <text>
        <p>
          <run>
            <lit>시스템 초반부 설계를 위해 백엔드 개발자 채용</lit>
          </run>
        </p>
      </text>
    </note>
    <style>
      <value key="gantt-fill-color">
        <color space="srgb" r="1" g="0.728788" b="0.301"/>
      </value>
    </style>
    <start-no-earlier-than>2020-10-13T07:00:00.000Z</start-no-earlier-than>
  </task>
  <task id="t165">
    <title>프론트엔드 개발자 채용</title>
    <effort>1440000</effort>
    <start-constraint-date>2021-03-11T04:00:00.000Z</start-constraint-date>
    <note>
      <text>
        <p>
          <run>
            <lit>2</lit>
          </run>
          <run>
            <lit>명의 프론트엔드 개발자 채용</lit>
          </run>
        </p>
      </text>
    </note>
    <style>
      <value key="gantt-fill-color">
        <color space="srgb" r="1" g="0.728788" b="0.301"/>
      </value>
    </style>
    <start-no-earlier-than>2021-03-11T04:00:00.000Z</start-no-earlier-than>
  </task>
  <task id="t166">
    <title>모바일 개발자 채용</title>
    <effort>864000</effort>
    <start-constraint-date>2021-04-18T23:00:00.000Z</start-constraint-date>
    <note>
      <text>
        <p>
          <run>
            <lit>안드로이드 개발자 채용</lit>
          </run>
        </p>
      </text>
    </note>
    <style>
      <value key="gantt-fill-color">
        <color space="srgb" r="1" g="0.728788" b="0.301"/>
      </value>
    </style>
    <start-no-earlier-than>2021-04-18T23:00:00.000Z</start-no-earlier-than>
  </task>
  <task id="t167">
    <title>디자이너 채용</title>
    <effort>864000</effort>
    <start-constraint-date>2021-01-31T23:00:00.000Z</start-constraint-date>
    <style>
      <value key="gantt-fill-color">
        <color space="srgb" r="1" g="0.728788" b="0.301"/>
      </value>
    </style>
    <start-no-earlier-than>2021-01-31T23:00:00.000Z</start-no-earlier-than>
  </task>
  <task id="t168">
    <title>비교육 서비스 개념 정의</title>
    <type>group</type>
    <child-task idref="t176"/>
    <child-task idref="t177"/>
    <child-task idref="t178"/>
  </task>
  <task id="t169">
    <title>비교육 서비스 1차 기획</title>
    <type>group</type>
    <child-task idref="t180"/>
    <child-task idref="t181"/>
    <child-task idref="t182"/>
    <prerequisite-task idref="t168"/>
  </task>
  <task id="t170">
    <title>비교육 서비스 2차 기획</title>
    <type>group</type>
    <child-task idref="t184"/>
    <child-task idref="t185"/>
    <child-task idref="t186"/>
    <prerequisite-task idref="t169"/>
  </task>
  <task id="t171">
    <title>비교육 서비스 스펙 정리</title>
    <type>group</type>
    <child-task idref="t187"/>
    <child-task idref="t188"/>
    <child-task idref="t189"/>
    <prerequisite-task idref="t170"/>
  </task>
  <task id="t172">
    <title>백엔드 개발자 2차 채용</title>
    <effort>1152000</effort>
    <start-constraint-date>2021-01-05T01:00:00.000Z</start-constraint-date>
    <note>
      <text>
        <p>
          <run>
            <lit>2</lit>
          </run>
          <run>
            <lit>명의 백엔드 개발자 채용</lit>
          </run>
        </p>
      </text>
    </note>
    <style>
      <value key="gantt-fill-color">
        <color space="srgb" r="1" g="0.728788" b="0.301"/>
      </value>
    </style>
    <start-no-earlier-than>2021-01-05T01:00:00.000Z</start-no-earlier-than>
  </task>
  <task id="t173">
    <title>AI/머신러닝 개발자 채용</title>
    <effort>1440000</effort>
    <start-constraint-date>2021-03-04T23:00:00.000Z</start-constraint-date>
    <note>
      <text>
        <p>
          <run>
            <lit>2</lit>
          </run>
          <run>
            <lit>명의 관련 개발자 채용</lit>
          </run>
        </p>
      </text>
    </note>
    <style>
      <value key="gantt-fill-color">
        <color space="srgb" r="1" g="0.728788" b="0.301"/>
      </value>
    </style>
    <start-no-earlier-than>2021-03-04T23:00:00.000Z</start-no-earlier-than>
  </task>
  <task id="t176">
    <title>카드형 주식전략 서비스</title>
    <effort>144000</effort>
    <start-constraint-date>2020-11-15T23:00:00.000Z</start-constraint-date>
    <style>
      <value key="gantt-fill-color">
        <color space="srgb" r="1" g="0.728788" b="0.301"/>
      </value>
    </style>
    <start-no-earlier-than>2020-11-15T23:00:00.000Z</start-no-earlier-than>
  </task>
  <task id="t177">
    <title>부동산 기반 개인 재테크 서비스</title>
    <effort>144000</effort>
    <start-constraint-date>2020-11-22T23:00:00.000Z</start-constraint-date>
    <style>
      <value key="gantt-fill-color">
        <color space="srgb" r="1" g="0.728788" b="0.301"/>
      </value>
    </style>
    <start-no-earlier-than>2020-11-22T23:00:00.000Z</start-no-earlier-than>
  </task>
  <task id="t178">
    <title>B2B 고속 파일 전송 서비스</title>
    <effort>144000</effort>
    <start-constraint-date>2020-11-29T23:00:00.000Z</start-constraint-date>
    <style>
      <value key="gantt-fill-color">
        <color space="srgb" r="1" g="0.728788" b="0.301"/>
      </value>
    </style>
    <start-no-earlier-than>2020-11-29T23:00:00.000Z</start-no-earlier-than>
  </task>
  <task id="t180">
    <title>카드형 주식전략 서비스 1차 기획</title>
    <effort>288000</effort>
    <start-constraint-date>2020-12-04T07:00:00.000Z</start-constraint-date>
    <style>
      <value key="gantt-fill-color">
        <color space="srgb" r="1" g="0.728788" b="0.301"/>
      </value>
    </style>
    <start-no-earlier-than>2020-12-04T07:00:00.000Z</start-no-earlier-than>
  </task>
  <task id="t181">
    <title>부동산 기반 개인 재테크 서비스 1차 기획</title>
    <effort>288000</effort>
    <start-constraint-date>2020-12-20T23:00:00.000Z</start-constraint-date>
    <style>
      <value key="gantt-fill-color">
        <color space="srgb" r="1" g="0.728788" b="0.301"/>
      </value>
    </style>
    <start-no-earlier-than>2020-12-20T23:00:00.000Z</start-no-earlier-than>
  </task>
  <task id="t182">
    <title>B2B 고속 파일 전송 서비스 1차 기획</title>
    <effort>288000</effort>
    <start-constraint-date>2021-01-03T23:00:00.000Z</start-constraint-date>
    <style>
      <value key="gantt-fill-color">
        <color space="srgb" r="1" g="0.728788" b="0.301"/>
      </value>
    </style>
    <start-no-earlier-than>2021-01-03T23:00:00.000Z</start-no-earlier-than>
  </task>
  <task id="t183">
    <title>지불 관리 시스템 및 수익구조 설계 및 분석</title>
    <type>group</type>
    <child-task idref="t203"/>
    <child-task idref="t200"/>
    <child-task idref="t201"/>
    <child-task idref="t202"/>
    <child-task idref="t204"/>
    <child-task idref="t205"/>
    <style>
      <value key="font-weight">9</value>
    </style>
  </task>
  <task id="t184">
    <title>카드형 주식전략 서비스 2차 기획</title>
    <effort>288000</effort>
    <start-constraint-date>2021-01-15T07:00:00.000Z</start-constraint-date>
    <style>
      <value key="gantt-fill-color">
        <color space="srgb" r="1" g="0.728788" b="0.301"/>
      </value>
    </style>
    <start-no-earlier-than>2021-01-15T07:00:00.000Z</start-no-earlier-than>
  </task>
  <task id="t185">
    <title>부동산 기반 개인 재테크 서비스 2차 기획</title>
    <effort>288000</effort>
    <start-constraint-date>2021-01-31T23:00:00.000Z</start-constraint-date>
    <style>
      <value key="gantt-fill-color">
        <color space="srgb" r="1" g="0.728788" b="0.301"/>
      </value>
    </style>
    <start-no-earlier-than>2021-01-31T23:00:00.000Z</start-no-earlier-than>
  </task>
  <task id="t186">
    <title>B2B 고속 파일 전송 서비스 2차 기획</title>
    <effort>288000</effort>
    <start-constraint-date>2021-02-14T23:00:00.000Z</start-constraint-date>
    <style>
      <value key="gantt-fill-color">
        <color space="srgb" r="1" g="0.728788" b="0.301"/>
      </value>
    </style>
    <start-no-earlier-than>2021-02-14T23:00:00.000Z</start-no-earlier-than>
  </task>
  <task id="t187">
    <title>카드형 주식전략 연동 서비스 스펙 정리</title>
    <effort>432000</effort>
    <start-constraint-date>2021-02-26T07:00:00.000Z</start-constraint-date>
    <style>
      <value key="gantt-fill-color">
        <color space="srgb" r="1" g="0.728788" b="0.301"/>
      </value>
    </style>
    <start-no-earlier-than>2021-02-26T07:00:00.000Z</start-no-earlier-than>
  </task>
  <task id="t188">
    <title>부동산 기반 개인 재테크 서비스 스펙 정리</title>
    <effort>432000</effort>
    <start-constraint-date>2021-03-21T23:00:00.000Z</start-constraint-date>
    <style>
      <value key="gantt-fill-color">
        <color space="srgb" r="1" g="0.728788" b="0.301"/>
      </value>
    </style>
    <start-no-earlier-than>2021-03-21T23:00:00.000Z</start-no-earlier-than>
  </task>
  <task id="t189">
    <title>B2B 고속 파일 전송 서비스 스펙 정리</title>
    <effort>432000</effort>
    <start-constraint-date>2021-04-11T23:00:00.000Z</start-constraint-date>
    <style>
      <value key="gantt-fill-color">
        <color space="srgb" r="1" g="0.728788" b="0.301"/>
      </value>
    </style>
    <start-no-earlier-than>2021-04-11T23:00:00.000Z</start-no-earlier-than>
  </task>
  <task id="t190">
    <title>메신저 1차 USE 케이스 작성</title>
    <effort>115200</effort>
    <start-constraint-date>2020-10-12T23:00:00.000Z</start-constraint-date>
    <style>
      <value key="gantt-fill-color">
        <color space="srgb" r="1" g="0.728788" b="0.301"/>
      </value>
    </style>
    <start-no-earlier-than>2020-10-12T23:00:00.000Z</start-no-earlier-than>
  </task>
  <task id="t191">
    <title>메신저 2차 USE 케이스 작성</title>
    <effort>144000</effort>
    <start-constraint-date>2020-10-18T20:00:00.000Z</start-constraint-date>
    <style>
      <value key="gantt-fill-color">
        <color space="srgb" r="1" g="0.728788" b="0.301"/>
      </value>
    </style>
    <prerequisite-task idref="t190"/>
    <start-no-earlier-than>2020-10-18T20:00:00.000Z</start-no-earlier-than>
  </task>
  <task id="t192">
    <title>메신저 3차 USE 케이스 작성</title>
    <effort>144000</effort>
    <start-constraint-date>2020-10-25T23:00:00.000Z</start-constraint-date>
    <style>
      <value key="gantt-fill-color">
        <color space="srgb" r="1" g="0.728788" b="0.301"/>
      </value>
    </style>
    <prerequisite-task idref="t191"/>
    <start-no-earlier-than>2020-10-25T23:00:00.000Z</start-no-earlier-than>
  </task>
  <task id="t193">
    <title>메신저 4차 USE 케이스 작성</title>
    <effort>144000</effort>
    <start-constraint-date>2020-11-01T23:00:00.000Z</start-constraint-date>
    <style>
      <value key="gantt-fill-color">
        <color space="srgb" r="1" g="0.728788" b="0.301"/>
      </value>
    </style>
    <prerequisite-task idref="t192"/>
    <start-no-earlier-than>2020-11-01T23:00:00.000Z</start-no-earlier-than>
  </task>
  <task id="t200">
    <title>PG사별 연동 및 동작 방식 분석</title>
    <effort>288000</effort>
    <start-constraint-date>2021-05-02T23:00:00.000Z</start-constraint-date>
    <style>
      <value key="gantt-fill-color">
        <color space="srgb" r="0.987" g="0.25662" b="0.287296"/>
      </value>
    </style>
    <start-no-earlier-than>2021-05-02T23:00:00.000Z</start-no-earlier-than>
  </task>
  <task id="t201">
    <title>PG사별 적격화 및 관련 내용 분석</title>
    <effort>288000</effort>
    <start-constraint-date>2021-05-16T23:00:00.000Z</start-constraint-date>
    <style>
      <value key="gantt-fill-color">
        <color space="srgb" r="0.987" g="0.25662" b="0.287296"/>
      </value>
    </style>
    <start-no-earlier-than>2021-05-16T23:00:00.000Z</start-no-earlier-than>
  </task>
  <task id="t202">
    <title>PG사 연동을 위한 기본 준비 내용 분석</title>
    <effort>288000</effort>
    <start-constraint-date>2021-05-30T23:00:00.000Z</start-constraint-date>
    <style>
      <value key="gantt-fill-color">
        <color space="srgb" r="0.987" g="0.25662" b="0.287296"/>
      </value>
    </style>
    <start-no-earlier-than>2021-05-30T23:00:00.000Z</start-no-earlier-than>
  </task>
  <task id="t203">
    <title>PG사 현황 분석</title>
    <effort>144000</effort>
    <start-constraint-date>2021-04-25T23:00:00.000Z</start-constraint-date>
    <style>
      <value key="gantt-fill-color">
        <color space="srgb" r="0.987" g="0.25662" b="0.287296"/>
      </value>
    </style>
    <start-no-earlier-than>2021-04-25T23:00:00.000Z</start-no-earlier-than>
  </task>
  <task id="t204">
    <title>서비스 적용대비 수익 모델 정의</title>
    <effort>288000</effort>
    <start-constraint-date>2021-06-13T23:00:00.000Z</start-constraint-date>
    <style>
      <value key="gantt-fill-color">
        <color space="srgb" r="0.987" g="0.25662" b="0.287296"/>
      </value>
    </style>
    <start-no-earlier-than>2021-06-13T23:00:00.000Z</start-no-earlier-than>
  </task>
  <task id="t205">
    <title>PG 연동 서비스 모듈 개발 및 기본 테스트</title>
    <effort>576000</effort>
    <start-constraint-date>2021-06-27T23:00:00.000Z</start-constraint-date>
    <style>
      <value key="gantt-fill-color">
        <color space="srgb" r="0.987" g="0.25662" b="0.287296"/>
      </value>
    </style>
    <prerequisite-task idref="t165"/>
    <start-no-earlier-than>2021-06-27T23:00:00.000Z</start-no-earlier-than>
  </task>
  <task id="t206">
    <title>PLAY PLATFORM</title>
    <type>group</type>
    <child-task idref="t44"/>
    <child-task idref="t95"/>
    <child-task idref="t163"/>
    <child-task idref="t183"/>
    <child-task idref="t1"/>
    <child-task idref="t236"/>
    <child-task idref="t237"/>
    <child-task idref="t238"/>
    <child-task idref="t239"/>
    <child-task idref="t240"/>
    <child-task idref="t241"/>
    <child-task idref="t242"/>
    <child-task idref="t243"/>
    <child-task idref="t244"/>
    <child-task idref="t245"/>
    <child-task idref="t246"/>
  </task>
  <task id="t207">
    <title>서비스 인프라 1차 테스트 기간</title>
    <effort>576000</effort>
    <start-constraint-date>2021-08-01T23:00:00.000Z</start-constraint-date>
    <prerequisite-task idref="t160"/>
    <start-no-earlier-than>2021-08-01T23:00:00.000Z</start-no-earlier-than>
  </task>
  <task id="t208">
    <title>서비스 인프라 2차 테스트 기간</title>
    <effort>576000</effort>
    <start-constraint-date>2021-08-31T23:00:00.000Z</start-constraint-date>
    <prerequisite-task idref="t207"/>
    <start-no-earlier-than>2021-08-31T23:00:00.000Z</start-no-earlier-than>
  </task>
  <task id="t210">
    <title>서비스 인프라 최종 구축</title>
    <effort>576000</effort>
    <start-constraint-date>2021-10-03T23:00:00.000Z</start-constraint-date>
    <prerequisite-task idref="t208"/>
    <start-no-earlier-than>2021-10-03T23:00:00.000Z</start-no-earlier-than>
  </task>
  <task id="t211">
    <title>비디오/오디오 시스템 설계 및 구축</title>
    <effort>1742400</effort>
    <start-constraint-date>2021-01-28T23:00:00.000Z</start-constraint-date>
    <style>
      <value key="gantt-fill-color">
        <color space="srgb" r="0.987" g="0.25662" b="0.287296"/>
      </value>
    </style>
    <start-no-earlier-than>2021-01-28T23:00:00.000Z</start-no-earlier-than>
  </task>
  <task id="t212">
    <title>사용자 시스템 설계 및 구축</title>
    <effort>2044800</effort>
    <start-constraint-date>2021-05-30T23:00:00.000Z</start-constraint-date>
    <style>
      <value key="gantt-fill-color">
        <color space="srgb" r="0.987" g="0.25662" b="0.287296"/>
      </value>
    </style>
    <start-no-earlier-than>2021-05-30T23:00:00.000Z</start-no-earlier-than>
  </task>
  <task id="t213">
    <title>강의 시스템 설계 및 구축</title>
    <effort>1728000</effort>
    <start-constraint-date>2021-06-29T23:00:00.000Z</start-constraint-date>
    <style>
      <value key="gantt-fill-color">
        <color space="srgb" r="0.987" g="0.25662" b="0.287296"/>
      </value>
    </style>
    <start-no-earlier-than>2021-06-29T23:00:00.000Z</start-no-earlier-than>
  </task>
  <task id="t214">
    <title>달력 시스템 설계 및 구축</title>
    <effort>1728000</effort>
    <start-constraint-date>2021-07-12T23:00:00.000Z</start-constraint-date>
    <style>
      <value key="gantt-fill-color">
        <color space="srgb" r="0.987" g="0.25662" b="0.287296"/>
      </value>
    </style>
    <start-no-earlier-than>2021-07-12T23:00:00.000Z</start-no-earlier-than>
  </task>
  <task id="t215">
    <title>노트 시스템 설계 및 구축</title>
    <effort>1728000</effort>
    <start-constraint-date>2021-07-12T23:00:00.000Z</start-constraint-date>
    <style>
      <value key="gantt-fill-color">
        <color space="srgb" r="0.987" g="0.25662" b="0.287296"/>
      </value>
    </style>
    <start-no-earlier-than>2021-07-12T23:00:00.000Z</start-no-earlier-than>
  </task>
  <task id="t216">
    <title>플랫폼 사용 권한 시스템 설계 및 구축</title>
    <effort>2304000</effort>
    <start-constraint-date>2021-09-09T23:00:00.000Z</start-constraint-date>
    <style>
      <value key="gantt-fill-color">
        <color space="srgb" r="0.987" g="0.25662" b="0.287296"/>
      </value>
    </style>
    <start-no-earlier-than>2021-09-09T23:00:00.000Z</start-no-earlier-than>
  </task>
  <task id="t220">
    <title>플랫폼 모니터링 시스템 설계 및 구축</title>
    <effort>2304000</effort>
    <start-constraint-date>2021-09-09T23:00:00.000Z</start-constraint-date>
    <style>
      <value key="gantt-fill-color">
        <color space="srgb" r="0.987" g="0.25662" b="0.287296"/>
      </value>
    </style>
    <start-no-earlier-than>2021-09-09T23:00:00.000Z</start-no-earlier-than>
  </task>
  <task id="t221">
    <title>콘텐츠 공급자를 위한 관리자 시스템 설계 및 구축</title>
    <effort>2304000</effort>
    <start-constraint-date>2021-09-09T23:00:00.000Z</start-constraint-date>
    <style>
      <value key="gantt-fill-color">
        <color space="srgb" r="0.987" g="0.25662" b="0.287296"/>
      </value>
    </style>
    <start-no-earlier-than>2021-09-09T23:00:00.000Z</start-no-earlier-than>
  </task>
  <task id="t222">
    <title>비교육 서비스 연동 및 구축</title>
    <effort>2649600</effort>
    <start-constraint-date>2021-08-25T23:00:00.000Z</start-constraint-date>
    <style>
      <value key="gantt-fill-color">
        <color space="srgb" r="0.987" g="0.25662" b="0.287296"/>
      </value>
    </style>
    <start-no-earlier-than>2021-08-25T23:00:00.000Z</start-no-earlier-than>
  </task>
  <task id="t224">
    <title>메시지 시스템 구축</title>
    <effort>1728000</effort>
    <start-constraint-date>2021-01-28T23:00:00.000Z</start-constraint-date>
    <start-no-earlier-than>2021-01-28T23:00:00.000Z</start-no-earlier-than>
  </task>
  <task id="t230">
    <title>서비스 POC 및 인터뷰</title>
    <type>group</type>
    <child-task idref="t231"/>
    <child-task idref="t232"/>
    <child-task idref="t233"/>
    <child-task idref="t234"/>
    <style>
      <value key="font-weight">9</value>
    </style>
  </task>
  <task id="t231">
    <title>서비스 1차 POC, 인터뷰 진행</title>
    <effort>144000</effort>
    <start-constraint-date>2020-10-18T23:00:00.000Z</start-constraint-date>
    <start-no-earlier-than>2020-10-18T23:00:00.000Z</start-no-earlier-than>
  </task>
  <task id="t232">
    <title>서비스 2차 POC, 인터뷰 진행</title>
    <effort>144000</effort>
    <start-constraint-date>2020-10-25T23:00:00.000Z</start-constraint-date>
    <start-no-earlier-than>2020-10-25T23:00:00.000Z</start-no-earlier-than>
  </task>
  <task id="t233">
    <title>서비스 3차 POC, 인터뷰 진행</title>
    <effort>144000</effort>
    <start-constraint-date>2020-11-01T23:00:00.000Z</start-constraint-date>
    <start-no-earlier-than>2020-11-01T23:00:00.000Z</start-no-earlier-than>
  </task>
  <task id="t234">
    <title>서비스 4차 POC, 인터뷰 진행</title>
    <effort>144000</effort>
    <start-constraint-date>2020-11-08T23:00:00.000Z</start-constraint-date>
    <start-no-earlier-than>2020-11-08T23:00:00.000Z</start-no-earlier-than>
  </task>
  <task id="t236">
    <title>비디오/오디오 시스템</title>
    <type>group</type>
    <child-task idref="t211"/>
  </task>
  <task id="t237">
    <title>사용자 시스템</title>
    <type>group</type>
    <child-task idref="t212"/>
  </task>
  <task id="t238">
    <title>강의 시스템</title>
    <type>group</type>
    <child-task idref="t213"/>
  </task>
  <task id="t239">
    <title>달력 시스템</title>
    <type>group</type>
    <child-task idref="t214"/>
  </task>
  <task id="t240">
    <title>노트 시스템</title>
    <type>group</type>
    <child-task idref="t215"/>
    <child-task idref="t248"/>
    <child-task idref="t249"/>
    <child-task idref="t250"/>
  </task>
  <task id="t241">
    <title>플랫폼 사용 권한 시스템</title>
    <type>group</type>
    <child-task idref="t216"/>
  </task>
  <task id="t242">
    <title>콘텐츠 공급자를 위한 관리자 시스템</title>
    <type>group</type>
    <child-task idref="t221"/>
  </task>
  <task id="t243">
    <title>비교육 서비스 연동</title>
    <type>group</type>
    <child-task idref="t222"/>
  </task>
  <task id="t244">
    <title>플랫폼 모니터링 시스템</title>
    <type>group</type>
    <child-task idref="t220"/>
  </task>
  <task id="t245">
    <title>시스템 연동을 위한 API 시스템</title>
    <type>group</type>
    <child-task idref="t66"/>
  </task>
  <task id="t246">
    <title>고객지원 시스템</title>
    <type>group</type>
    <child-task idref="t67"/>
  </task>
  <task id="t247">
    <title>서비스 기획/영업 채용</title>
    <effort>1440000</effort>
    <start-constraint-date>2021-01-31T23:00:00.000Z</start-constraint-date>
    <style>
      <value key="gantt-fill-color">
        <color space="srgb" r="1" g="0.728788" b="0.301"/>
      </value>
    </style>
    <start-no-earlier-than>2021-01-31T23:00:00.000Z</start-no-earlier-than>
  </task>
  <task id="t248">
    <title>노트 카테고리 시스템 설계</title>
    <effort>288000</effort>
    <start-constraint-date>2021-07-12T23:00:00.000Z</start-constraint-date>
    <style>
      <value key="gantt-fill-color">
        <color space="srgb" r="0.987" g="0.25662" b="0.287296"/>
      </value>
    </style>
    <start-no-earlier-than>2021-07-12T23:00:00.000Z</start-no-earlier-than>
  </task>
  <task id="t249">
    <title>노트 데이터 구조 설계</title>
    <effort>288000</effort>
    <start-constraint-date>2021-07-26T23:00:00.000Z</start-constraint-date>
    <style>
      <value key="gantt-fill-color">
        <color space="srgb" r="0.987" g="0.25662" b="0.287296"/>
      </value>
    </style>
    <start-no-earlier-than>2021-07-26T23:00:00.000Z</start-no-earlier-than>
  </task>
  <task id="t250">
    <title>노트 데이터의 달력 연계 구조 설계</title>
    <effort>288000</effort>
    <start-constraint-date>2021-08-09T23:00:00.000Z</start-constraint-date>
    <style>
      <value key="gantt-fill-color">
        <color space="srgb" r="0.987" g="0.25662" b="0.287296"/>
      </value>
    </style>
    <start-no-earlier-than>2021-08-09T23:00:00.000Z</start-no-earlier-than>
  </task>
  <task id="t251">
    <title>기본 클래스 구현 1차</title>
    <effort>144000</effort>
    <start-constraint-date>2020-10-18T23:00:00.000Z</start-constraint-date>
    <start-no-earlier-than>2020-10-18T23:00:00.000Z</start-no-earlier-than>
  </task>
  <task id="t252">
    <title>기본 UI 작업</title>
    <effort>144000</effort>
    <start-constraint-date>2020-10-18T23:00:00.000Z</start-constraint-date>
    <start-no-earlier-than>2020-10-18T23:00:00.000Z</start-no-earlier-than>
  </task>
  <critical-path root="-1" enabled="true" resources="false">
    <color space="srgb" r="1" g="0.5" b="0.5"/>
  </critical-path>
</scenario>
