<?xml version="1.0" encoding="UTF-8"?>
<omniplan xmlns="http://www.omnigroup.com/namespace/OmniPlan/v2" xmlns:opnx="http://www.omnigroup.com/namespace/OmniPlan/v2" file-format-version="2">
  <window x="-0" y="85" w="2560" h="1330">
    <editing-scenario>dBx0Mqw4eaN</editing-scenario>
    <view>task</view>
    <change-tracking/>
    <status-display>basic</status-display>
    <task-view>
      <split-view-divider-position>492</split-view-divider-position>
      <outline x="0" y="908" w="492" h="1248">
        <column name="Violations" width="20"/>
        <column name="Notes" width="20"/>
        <column name="Title" width="379"/>
        <column name="Time" width="68"/>
        <expanded-items idrefs="t17 t168 t243 t237 t1 t183 t241 t230 t18 t246 t170 t127 t244 t169 t238 t242 t44 t236 t40 t171 t240 t245 t95 t239 t163 t206"/>
        <expanded-item-notes idrefs="t165 t26 t172 t166 t173 t164 t40"/>
        <selected-items-at-filter-time idrefs="t212 t166 t66 t189 t132 t109 t201 t247 t178 t67 t213 t144 t236 t190 t110 t167 t202 t133 t248 t214 t145 t237 t168 t111 t191 t203 t134 t249 t215 t146 t238 t169 t192 t112 t204 t20 t95 t250 t216 t21 t96 t170 t193 t147 t239 t205 t113 t22 t97 t240 t171 t23 t206 t160 t183 t24 t241 t40 t172 t17 t230 t207 t41 t18 t184 t26 t127 t242 t173 t42 t19 t231 t35 t43 t185 t243 t44 t140 t232 t163 t186 t244 t233 t164 t39 t187 t130 t245 t176 t211 t234 t165 t188 t131 t200 t246 t177"/>
      </outline>
      <gantt-view x="-116.5" y="908" w="1766" h="1248">
        <view-mode>actual</view-mode>
        <dependency-lines/>
        <constraints/>
        <show-project-end/>
        <task-bar-label task-type="group" position="left">
          <key>Start</key>
        </task-bar-label>
        <task-bar-label task-type="group" position="center">
          <key>Title</key>
        </task-bar-label>
        <task-bar-label task-type="group" position="right">
          <key>End</key>
        </task-bar-label>
        <task-bar-label task-type="milestone" position="left">
          <key/>
        </task-bar-label>
        <task-bar-label task-type="milestone" position="center">
          <key/>
        </task-bar-label>
        <task-bar-label task-type="milestone" position="right">
          <key>Assigned</key>
        </task-bar-label>
        <task-bar-label task-type="task" position="left">
          <key>Title</key>
        </task-bar-label>
        <task-bar-label task-type="task" position="center">
          <key/>
        </task-bar-label>
        <task-bar-label task-type="task" position="right">
          <key>Time</key>
        </task-bar-label>
        <scale scale-name="Automatic" full-day-width="14.0643">
          <selected/>
        </scale>
        <scale scale-name="Day" full-day-width="226.706"/>
        <scale scale-name="Hour" full-day-width="65880"/>
        <scale scale-name="Minute" full-day-width="64800"/>
        <scale scale-name="Month" full-day-width="64.1772"/>
        <scale scale-name="Quarter" full-day-width="9.6"/>
        <scale scale-name="Week" full-day-width="496.125"/>
        <scale scale-name="Year" full-day-width="2.3625"/>
        <offtime-display>none</offtime-display>
      </gantt-view>
    </task-view>
    <resource-view>
      <split-view-divider-position>306</split-view-divider-position>
      <outline x="0" y="0" w="306" h="1252">
        <column name="Notes" width="20"/>
        <column name="Type" width="49"/>
        <column name="Resource" width="157"/>
        <column name="#" width="75"/>
      </outline>
      <timeline x="0" y="0" w="1924" h="1252">
        <offtime-display>none</offtime-display>
        <show-project-end/>
        <task-bar-label task-type="group" position="left">
          <key>Title</key>
        </task-bar-label>
        <task-bar-label task-type="group" position="center">
          <key/>
        </task-bar-label>
        <task-bar-label task-type="group" position="right">
          <key/>
        </task-bar-label>
        <task-bar-label task-type="milestone" position="left">
          <key>Title</key>
        </task-bar-label>
        <task-bar-label task-type="milestone" position="center">
          <key/>
        </task-bar-label>
        <task-bar-label task-type="milestone" position="right">
          <key>Assigned</key>
        </task-bar-label>
        <task-bar-label task-type="task" position="left">
          <key>Title</key>
        </task-bar-label>
        <task-bar-label task-type="task" position="center">
          <key/>
        </task-bar-label>
        <task-bar-label task-type="task" position="right">
          <key/>
        </task-bar-label>
        <scale scale-name="Automatic" full-day-width="300">
          <selected/>
        </scale>
        <scale scale-name="Day" full-day-width="1215"/>
        <scale scale-name="Hour" full-day-width="65880"/>
        <scale scale-name="Minute" full-day-width="64800"/>
        <scale scale-name="Month" full-day-width="34.5"/>
        <scale scale-name="Quarter" full-day-width="9.6"/>
        <scale scale-name="Week" full-day-width="162"/>
        <scale scale-name="Year" full-day-width="2.3625"/>
      </timeline>
    </resource-view>
    <calendar>
      <split-view-divider-position>290</split-view-divider-position>
      <outline x="0" y="0" w="290" h="1228">
        <column name="Notes" width="20"/>
        <column name="Type" width="49"/>
        <column name="Resource" width="175"/>
        <column name="Custom Work Week" width="20"/>
        <column name="Schedule Exception" width="20"/>
      </outline>
    </calendar>
    <network-view>
      <network-view>
        <task-table-style>Title
Start:
End:
Effort:</task-table-style>
        <milestone-table-style>Title
End</milestone-table-style>
        <group-table-style>Title
Start:
End:</group-table-style>
      </network-view>
    </network-view>
  </window>
  <project>
    <next-task-id>251</next-task-id>
    <next-resource-id>2</next-resource-id>
    <scenario id="dBx0Mqw4eaN" name="Actual" filename="Actual.xml"/>
    <date-display dates="true" times="true" seconds="false"/>
    <numbering-style>wbs</numbering-style>
    <critical-path-slack>0</critical-path-slack>
    <currency-format>₩1,235</currency-format>
    <duration-format hours-per-day="8" hours-per-week="40" hours-per-month="160" hours-per-year="1920" days="true"/>
    <effort-format hours-per-day="8" hours-per-week="40" hours-per-month="160" hours-per-year="1920" days="true"/>
    <base-style>
      <style/>
    </base-style>
    <column-title-style>
      <style>
        <value key="font-name">HelveticaNeue-Medium</value>
        <value key="font-size">12</value>
        <value key="font-weight">6</value>
        <value key="paragraph-alignment">center</value>
      </style>
    </column-title-style>
    <note-style>
      <style>
        <value key="font-fill">
          <color space="gg22" w="0.409218"/>
        </value>
        <value key="font-size">12</value>
      </style>
    </note-style>
    <standard-task-style>
      <style>
        <value key="gantt-fill-color">
          <color space="srgb" r="0.988" g="0.458381" b="0.211432"/>
        </value>
      </style>
    </standard-task-style>
    <overdue-task-style>
      <style>
        <value key="gantt-fill-color">
          <color space="srgb" r="0.987" g="0.25662" b="0.287296"/>
        </value>
      </style>
    </overdue-task-style>
    <completed-task-style>
      <style>
        <value key="gantt-fill-color">
          <color space="srgb" r="0.883927" g="0.385803" b="0.891"/>
        </value>
      </style>
    </completed-task-style>
    <group-task-style>
      <style>
        <value key="gantt-fill-color">
          <color space="srgb" r="0.440847" g="0.803" b="0.566152"/>
        </value>
      </style>
    </group-task-style>
    <milestone-task-style>
      <style/>
    </milestone-task-style>
    <resource-style>
      <style/>
    </resource-style>
    <not-editable-style>
      <style>
        <value key="font-fill">
          <color space="gg22" w="0.409218"/>
        </value>
      </style>
    </not-editable-style>
    <subscribe-refresh>1</subscribe-refresh>
    <leveling>
      <constrains-completion-date/>
    </leveling>
    <page-adornment>
      <master-page-headers>
        <header location="left">
          <text>
            <p>
              <run>
                <lit><cell variable="OPDocumentTitleVariableIdentifier"/></lit>
              </run>
            </p>
          </text>
        </header>
        <header location="right">
          <text>
            <p>
              <run>
                <lit><cell variable="OPPrintJobTimestampVariableIdentifier"/></lit>
              </run>
            </p>
          </text>
        </header>
        <footer location="left">
          <text>
            <p>
              <run>
                <lit><cell variable="OPDocumentFilenameVariableIdentifier"/></lit>
              </run>
            </p>
          </text>
        </footer>
        <footer location="right">
          <text>
            <p>
              <run>
                <lit><cell variable="OPPageNumberVariableIdentifier"/></lit>
              </run>
            </p>
          </text>
        </footer>
      </master-page-headers>
    </page-adornment>
    <publishing-client client-identifier="eGtJIapdGlV" document-identifier="214"/>
    <publishing-client client-identifier="c0TzHg9N5De" document-identifier="15628"/>
    <publishing-client client-identifier="hGZ4cdH7qNs" document-identifier="2351"/>
    <publishing-client client-identifier="nlw36-UyBeT" document-identifier="15624"/>
    <publishing-client client-identifier="dSVybKu5s3P" document-identifier="22731"/>
  </project>
</omniplan>
